City_ID,City,Country,Lat,Lng,Max Temp,Humidity,Cloudiness,Wind Speed,Current Description
0,Viransehir,TR,37.2353,39.7631,70.52,41,0,3.49,Clear
1,Busselton,AU,-33.65,115.3333,58.59,82,100,8.1,Clouds
2,Ushuaia,AR,-54.8,-68.3,44.26,45,0,5.75,Clear
3,Rodrigues Alves,BR,-7.738,-72.6509,89.8,85,100,1.34,Clouds
4,Hermanus,ZA,-34.4187,19.2345,57.42,54,18,20.33,Clouds
5,Dikson,RU,73.5069,80.5464,18.72,95,100,5.99,Clouds
6,Cruzeiro Do Sul,BR,-29.5128,-51.9853,75.49,80,100,0.43,Clouds
7,Adamantina,BR,-21.6853,-51.0725,74.84,86,86,12.66,Rain
8,Safaga,EG,26.7292,33.9365,80.64,66,15,10.13,Clouds
9,Ponta Do Sol,PT,32.6667,-17.1,70.0,63,44,5.61,Clouds
10,Mar Del Plata,AR,-38.0023,-57.5575,82.42,71,0,17.0,Rain
11,Werda,BW,-25.2667,23.2833,72.46,13,0,16.04,Clear
12,Bam,IR,29.106,58.357,70.3,39,0,1.36,Clear
13,Mount Pleasant,US,32.7941,-79.8626,83.25,66,0,9.22,Clear
14,Cape Town,ZA,-33.9258,18.4232,59.11,52,0,23.02,Clear
15,Imola,IT,44.3523,11.7158,63.82,63,0,12.03,Clear
16,Dingle,PH,10.9995,122.6711,75.65,92,59,6.06,Rain
17,Nzega,RW,-2.479,29.5564,56.75,88,14,4.72,Clouds
18,Port Alfred,ZA,-33.5906,26.891,54.18,79,100,4.0,Rain
19,Souillac,MU,-20.5167,57.5167,71.98,88,20,4.61,Clouds
20,Rocha,UY,-34.4833,-54.3333,68.99,78,5,10.07,Clear
21,Bredasdorp,ZA,-34.5322,20.0403,56.71,46,99,14.05,Clouds
22,Tyulyachi,RU,55.8913,50.2399,27.55,97,100,12.5,Snow
23,Lodwar,KE,3.1191,35.5973,78.15,68,72,8.95,Rain
24,Chupa,RU,66.27,33.0549,25.29,89,68,1.66,Clouds
25,Mizdah,LY,31.4451,12.9801,72.43,28,4,6.93,Clear
26,Punta Arenas,CL,-53.15,-70.9167,39.31,75,75,9.22,Rain
27,Breves,BR,-1.6822,-50.4803,91.18,39,26,3.51,Clouds
28,Alta Floresta,BR,-9.8756,-56.0861,94.82,43,20,4.61,Clouds
29,Qaqortoq,GL,60.7167,-46.0333,32.83,82,30,2.89,Clouds
30,Yola,NG,9.2,12.4833,84.18,35,20,2.84,Clouds
31,Codrington,AU,-38.2667,141.9667,45.21,82,29,8.21,Clouds
32,Hithadhoo,MV,-0.6,73.0833,80.82,81,40,18.12,Clouds
33,Inhambane,MZ,-23.865,35.3833,71.69,80,31,8.7,Clouds
34,Iqaluit,CA,63.7506,-68.5145,10.13,78,20,9.22,Clouds
35,San Cristobal,VE,7.7669,-72.225,82.58,86,99,1.59,Rain
36,Vila Velha,BR,-20.3297,-40.2925,80.55,78,20,17.27,Clouds
37,Upernavik,GL,72.7868,-56.1549,23.99,93,100,7.56,Clouds
38,Vestmanna,FO,62.1564,-7.1664,43.72,76,100,10.36,Clouds
39,Saint-Philippe,RE,-21.3585,55.7679,72.99,84,39,7.87,Clouds
40,Port Elizabeth,ZA,-33.918,25.5701,55.31,63,83,8.01,Clouds
41,Margate,GB,51.3813,1.3862,57.31,90,100,7.0,Clouds
42,Ribeira Grande,PT,38.5167,-28.7,64.8,63,40,10.36,Clouds
43,Morant Bay,JM,17.8815,-76.4093,89.22,72,27,12.44,Clouds
44,Mantua,IT,45.1667,10.7833,55.98,85,0,2.59,Clear
45,Cayeli,TR,41.0923,40.7292,68.67,61,100,5.17,Clouds
46,Malakal,SS,9.5334,31.6605,70.12,93,100,2.84,Clouds
47,Bonavista,CA,48.6499,-53.1147,51.21,97,100,16.75,Rain
48,Rosario,AR,-32.9468,-60.6393,85.95,39,0,12.66,Clear
49,Meulaboh,ID,4.1363,96.1285,75.61,93,54,3.96,Clouds
50,Yar-Sale,RU,66.8333,70.8333,16.57,94,93,7.43,Clouds
51,Olinda,BR,-8.0089,-34.8553,82.13,65,40,11.5,Clouds
52,Chuy,UY,-33.6971,-53.4616,68.32,84,18,7.31,Clouds
53,Honningsvag,NO,70.9821,25.9704,33.55,80,100,8.05,Clouds
54,Necochea,AR,-38.5473,-58.7368,78.15,42,11,16.02,Clouds
55,Georgetown,MY,5.4112,100.3354,78.73,95,20,4.61,Clouds
56,Arroyo,ES,41.6096,-4.7969,60.22,74,100,19.57,Clouds
57,Saldanha,ZA,-33.0117,17.9442,59.05,65,0,21.74,Clear
58,Filingue,NE,14.3521,3.3168,88.83,18,4,4.36,Clear
59,Salym,RU,60.0625,71.4789,13.62,95,35,2.39,Clouds
60,Port-Cartier,CA,50.0334,-66.8654,51.48,64,30,16.62,Clouds
61,Aasiaat,GL,68.7098,-52.8699,13.59,93,81,8.84,Clouds
62,Jamestown,US,42.097,-79.2353,57.52,77,100,8.05,Clouds
63,Tarrafal,CV,15.2833,-23.7667,79.59,78,30,13.11,Clouds
64,Codajas,BR,-3.8367,-62.0569,98.69,23,100,3.09,Clouds
65,Hualmay,PE,-11.0964,-77.6139,70.39,77,97,12.35,Clouds
66,Saint-Pierre,RE,-21.3393,55.4781,73.08,73,0,4.61,Clear
67,Husavik,IS,66.0449,-17.3389,33.3,83,68,9.48,Clouds
68,Vuktyl,RU,63.8567,57.3094,13.1,95,94,1.99,Clouds
69,Sayyan,YE,15.1718,44.3244,57.87,67,100,4.47,Clouds
70,Salalah,OM,17.0151,54.0924,78.89,83,0,4.61,Clear
71,Alappuzha,IN,9.49,76.3264,79.7,81,100,1.79,Clouds
72,Folkestone,GB,51.0833,1.1833,58.73,98,95,11.01,Clouds
73,Morondava,MG,-20.2833,44.2833,76.66,74,0,2.39,Clear
74,Balugaon,IN,20.1667,85.1,67.6,67,7,2.17,Clear
75,East London,ZA,-33.0153,27.9116,56.91,76,100,20.74,Rain
76,Eyl,SO,7.9803,49.8164,79.61,78,92,14.5,Clouds
77,Sena Madureira,BR,-9.0656,-68.6569,92.8,44,100,3.38,Clouds
78,Paamiut,GL,61.994,-49.6678,30.25,61,100,13.78,Clouds
79,Sao Filipe,CV,14.8961,-24.4956,80.19,73,41,13.71,Clouds
80,Gambela,ET,8.25,34.5833,69.53,94,100,1.9,Clouds
81,Andenes,NO,69.3143,16.1194,33.93,93,100,12.66,Drizzle
82,Mahebourg,MU,-20.4081,57.7,75.25,88,20,4.61,Clouds
83,Toropets,RU,56.4978,31.6353,30.78,97,100,7.16,Clouds
84,Garowe,SO,8.4054,48.4845,75.27,73,100,14.2,Clouds
85,Jaromer,CZ,50.3562,15.9214,53.38,90,99,5.75,Clouds
86,Lagoa,PT,39.05,-27.9833,62.02,65,99,22.48,Clouds
87,Upata,VE,8.0086,-62.3989,86.4,51,100,1.52,Clouds
88,Pucallpa,PE,-8.3791,-74.5539,75.24,100,75,4.61,Drizzle
89,Luderitz,NA,-26.6481,15.1594,62.53,58,0,24.11,Clear
90,Tarsus,TR,36.9188,34.8784,66.07,49,6,3.04,Clear
91,Nara,JP,34.6851,135.8049,53.49,54,16,6.22,Clouds
92,Victoria,HK,22.2855,114.1577,77.38,85,92,5.99,Clouds
93,Mattru,SL,7.6244,-11.8332,75.24,95,50,2.8,Rain
94,York,US,40.1254,-77.0,79.79,58,75,8.05,Clouds
95,Botwood,CA,49.1499,-55.3482,54.9,92,100,11.16,Clouds
96,Kutum,SD,14.2,24.6667,78.78,21,68,6.29,Clouds
97,Yarmouth,US,41.7057,-70.2286,77.14,72,0,8.05,Clear
98,Muyezerskiy,RU,63.9333,31.65,21.04,97,73,3.89,Clouds
99,Nanortalik,GL,60.1432,-45.2371,32.94,79,15,4.54,Clouds
100,Pabna,BD,24.0,89.25,70.93,60,0,4.79,Clear
101,Clyde River,CA,70.4692,-68.5914,12.43,79,75,12.66,Clouds
102,Cruzilia,BR,-21.8386,-44.8083,70.16,85,100,1.32,Clouds
103,Thompson,CA,55.7435,-97.8558,26.76,86,75,4.61,Clouds
104,Arraial Do Cabo,BR,-22.9661,-42.0278,76.96,88,75,18.41,Clouds
105,Saint-Augustin,CA,51.226,-58.6502,44.65,99,100,2.98,Rain
106,Grootfontein,NA,-19.5667,18.1167,65.77,59,61,3.44,Clouds
107,Tasiilaq,GL,65.6145,-37.6368,37.56,87,100,14.47,Clouds
108,Itaqui,BR,-29.1253,-56.5531,74.28,87,72,12.48,Clouds
109,Puerto Del Rosario,ES,28.5004,-13.8627,73.15,73,20,6.91,Clouds
110,Los Llanos De Aridane,ES,28.6585,-17.9182,68.13,95,75,4.61,Clouds
111,Coquimbo,CL,-29.9533,-71.3436,64.13,63,0,11.5,Clear
112,Ostrovnoy,RU,68.0531,39.5131,24.21,84,100,7.94,Clouds
113,Talcahuano,CL,-36.7167,-73.1167,55.08,94,100,20.71,Rain
114,Vestmannaeyjar,IS,63.4427,-20.2734,42.78,63,100,12.95,Clouds
115,Klaksvik,FO,62.2266,-6.589,45.52,79,100,25.55,Clouds
116,Mhango,TZ,-3.2833,32.85,74.93,61,100,4.83,Clouds
117,Mindelo,CV,16.8901,-24.9804,78.35,69,75,18.41,Clouds
118,Killybegs,IE,54.6333,-8.45,50.32,89,100,11.72,Clouds
119,Qaanaaq,GL,77.484,-69.3632,14.45,69,100,6.11,Clouds
120,Miandoab,IR,36.9694,46.1027,58.64,41,17,4.05,Clouds
121,Henties Bay,NA,-22.116,14.2845,56.25,90,6,6.22,Clear
122,Kalakamati,BW,-20.5929,27.3121,76.69,24,48,8.05,Clouds
123,Kralendijk,BQ,12.15,-68.2667,85.98,74,40,3.44,Clouds
124,Kudahuvadhoo,MV,2.6708,72.8944,80.96,81,100,13.67,Clouds
125,Tiznit,MA,29.5833,-9.5,62.69,75,100,3.8,Clouds
126,Matagami,CA,49.7502,-77.6328,26.71,74,100,12.66,Clouds
127,Presidencia Roque Saenz Pena,AR,-26.7852,-60.4388,81.14,74,97,6.08,Clouds
128,Oswego,US,43.4501,-76.1497,57.15,73,2,12.12,Clear
129,San Andres,CO,12.5847,-81.7006,86.02,74,20,5.75,Rain
130,Saint-Michel-Des-Saints,CA,46.6834,-73.9159,42.94,74,91,3.0,Clouds
131,Longyearbyen,SJ,78.2186,15.6401,24.64,93,75,4.61,Snow
132,Bambous Virieux,MU,-20.3428,57.7575,75.22,88,20,4.61,Clouds
133,Ornskoldsvik,SE,63.2909,18.7153,31.15,86,100,4.61,Clouds
134,Cockburn Town,TC,21.4612,-71.1419,82.58,75,21,17.6,Clouds
135,Itarema,BR,-2.9248,-39.9167,79.66,72,36,19.01,Clouds
136,Ilulissat,GL,69.2167,-51.1,24.82,74,20,14.97,Clouds
137,Straseni,MD,47.1414,28.6103,49.93,54,2,1.34,Clear
138,Chazuta,PE,-6.5742,-76.1367,92.25,58,100,3.53,Clouds
139,Goderich,CA,43.7501,-81.7165,46.9,66,69,12.66,Clouds
140,Kati,ML,12.7441,-8.0726,76.41,48,100,6.93,Clouds
141,Ahar,IR,38.4774,47.0699,57.69,44,24,5.32,Clouds
142,Soyo,AO,-6.1349,12.3689,79.03,85,11,8.28,Clouds
143,Cap Malheureux,MU,-19.9842,57.6142,75.47,77,5,1.99,Clear
144,Abu Dhabi,AE,24.4667,54.3667,86.95,57,0,3.44,Clear
145,Berlevag,NO,70.8578,29.0864,26.55,74,100,4.61,Clouds
146,Sorland,NO,67.667,12.6934,37.26,57,100,11.61,Rain
147,Sur,OM,22.5667,59.5289,82.2,63,98,9.8,Clouds
148,Touros,BR,-5.1989,-35.4608,78.15,75,40,15.46,Clouds
149,Dubrovnik,HR,42.6481,18.0922,64.04,72,0,10.36,Clear
150,Gaoua,BF,10.2992,-3.2508,80.67,42,18,4.07,Clouds
151,Aquiraz,BR,-3.9014,-38.3911,84.04,77,6,14.79,Clear
152,Aranos,NA,-24.1333,19.1167,66.4,20,2,16.13,Clear
153,Dzaoudzi,YT,-12.7887,45.2699,80.49,78,20,11.5,Clouds
154,Tabuk,PH,17.4189,121.4443,72.59,88,76,2.1,Clouds
155,Jalgaon,IN,21.0167,75.5667,70.57,47,3,6.73,Clear
156,Padang,ID,-0.9492,100.3543,78.85,87,47,4.12,Clouds
157,Monrovia,LR,6.3005,-10.7969,76.77,85,88,6.04,Rain
158,Mairi,BR,-11.7114,-40.1489,88.29,31,8,15.26,Clear
159,Mananjary,MG,-21.2167,48.3333,73.44,92,7,7.25,Clear
160,Saint George,US,37.1041,-113.5841,69.42,21,0,11.5,Clear
161,Ambilobe,MG,-13.2,49.05,73.02,83,16,5.57,Clouds
162,Khash,IR,28.2211,61.2158,64.78,44,8,0.6,Clear
163,Ilembo,TZ,-9.25,33.3833,59.58,68,27,2.55,Clouds
164,Tutoia,BR,-2.7619,-42.2744,80.19,79,34,18.43,Clouds
165,Gornopravdinsk,RU,60.05,69.9,12.47,95,11,3.15,Clouds
166,Kayes,ML,14.0,-11.0,90.86,33,100,5.35,Clouds
167,Forestville,US,38.8451,-76.875,83.73,54,0,5.75,Clear
168,Ahmadpur East,PK,29.1431,71.2598,77.56,29,16,3.33,Clouds
169,Port Shepstone,ZA,-30.7414,30.455,60.96,76,100,18.92,Rain
170,Eydhafushi,MV,5.1033,73.0708,82.24,77,60,7.05,Clouds
171,Banda Aceh,ID,5.5577,95.3222,78.51,84,32,3.04,Clouds
172,Hluti,SZ,-27.2167,31.6167,61.95,86,100,8.03,Rain
173,Horki,BY,54.2861,30.9842,34.41,97,100,10.63,Clouds
174,Richards Bay,ZA,-28.783,32.0377,63.68,92,100,20.83,Rain
175,Port Said,EG,31.2565,32.2841,76.98,88,0,8.05,Clear
176,Hurghada,EG,27.2574,33.8129,82.44,42,0,0.0,Clear
177,Mbandaka,CD,0.0487,18.2603,72.86,90,8,2.84,Rain
178,Hambantota,LK,6.1241,81.1185,78.4,83,100,3.67,Rain
179,Radishchevo,RU,52.85,47.8833,44.74,100,100,6.42,Clouds
180,Brae,GB,60.3964,-1.353,46.13,66,67,17.25,Clouds
181,Kolosovka,RU,56.4678,73.611,18.99,94,24,5.08,Clouds
182,Raudeberg,NO,61.9875,5.1352,40.87,1,0,5.99,Clear
183,Alekseyevskaya,RU,50.2896,42.1845,55.81,66,100,29.06,Clouds
184,Lokosovo,RU,61.1333,74.8167,11.64,92,28,3.91,Clouds
185,Otjimbingwe,NA,-22.35,16.1333,71.22,30,0,4.94,Clear
186,Aswan,EG,24.0934,32.907,85.3,42,31,13.8,Clouds
187,Kavaratti,IN,10.5669,72.642,83.19,71,47,4.34,Clouds
188,Man,CI,7.4125,-7.5538,73.53,86,32,2.42,Clouds
189,Eirunepe,BR,-6.6603,-69.8736,78.76,90,100,4.38,Rain
190,Sao Joao Da Barra,BR,-21.6403,-41.0511,78.89,88,99,20.94,Clouds
191,Salisbury,GB,51.0693,-1.7957,55.65,98,75,5.75,Rain
192,Sorrento,IT,40.626,14.3744,67.57,81,0,0.0,Clear
193,Schio,IT,45.7124,11.3574,57.61,88,3,2.8,Clear
194,Puerto El Triunfo,SV,13.2833,-88.55,95.86,84,91,9.1,Clouds
195,Aracati,BR,-4.5617,-37.7697,79.59,72,15,16.69,Clouds
196,Treia,IT,43.3106,13.3115,62.46,72,32,6.08,Clouds
197,Ouadda,CF,8.0777,22.4007,69.53,92,100,4.09,Clouds
198,Bure,ET,10.7,37.0667,56.1,95,98,2.84,Clouds
199,Gavle,SE,60.6745,17.1417,32.92,86,99,2.64,Clouds
200,Rawdon,CA,46.0501,-73.7159,53.55,62,35,9.17,Clouds
201,Kumta,IN,14.4167,74.4,77.97,68,47,3.13,Clouds
202,Gulabpura,IN,25.9,74.6667,73.54,29,65,2.64,Clouds
203,Panaba,MX,21.2833,-88.2667,89.19,48,12,19.15,Clouds
204,Ancud,CL,-41.8697,-73.8203,46.56,76,89,26.78,Rain
205,Havre-Saint-Pierre,CA,50.2334,-63.5986,46.76,100,100,6.91,Clouds
206,Guna,IN,24.65,77.3167,69.85,42,100,4.7,Clouds
207,Nouadhibou,MR,20.931,-17.0347,71.58,73,0,17.27,Clear
208,Umm Lajj,SA,25.0213,37.2685,83.01,60,86,19.1,Clouds
209,Awbari,LY,26.5921,12.7805,77.43,22,0,7.92,Clear
210,Omboue,GA,-1.5746,9.2618,77.81,90,6,5.12,Clear
211,Imbituba,BR,-28.24,-48.6703,73.9,98,100,6.62,Clouds
212,Cururupu,BR,-1.8283,-44.8683,80.13,78,19,6.15,Clouds
213,Lasa,IT,46.6166,10.7002,50.88,93,68,4.88,Clouds
214,Togur,RU,58.3631,82.8265,19.15,89,93,5.01,Clouds
215,Impfondo,CG,1.6381,18.0667,76.24,80,100,2.57,Clouds
216,Mbuji-Mayi,CD,-6.15,23.6,71.98,90,98,2.26,Clouds
217,Carnarvon,AU,-24.8667,113.6333,66.79,67,2,23.69,Clear
218,Picota,PE,-6.9197,-76.3304,91.89,67,100,1.36,Clouds
219,Cidreira,BR,-30.1811,-50.2056,69.44,89,100,13.31,Clouds
220,Faya,SA,18.3851,42.4509,57.31,63,98,1.79,Clouds
221,Cabedelo,BR,-6.9811,-34.8339,81.27,72,70,13.78,Clouds
222,Torbay,CA,47.6666,-52.7314,55.58,95,100,12.66,Clouds
223,Bengkulu,ID,-3.8004,102.2655,74.53,92,46,5.14,Clouds
224,Hamilton,US,39.1834,-84.5333,57.24,91,100,10.36,Mist
225,Barabinsk,RU,55.3571,78.357,23.81,66,11,5.06,Clouds
226,Wilmington,US,34.2257,-77.9447,82.31,57,0,9.22,Clear
227,San Ramon,US,37.7799,-121.978,68.76,36,0,9.22,Clear
228,Qeshm,IR,26.9581,56.2719,78.67,62,0,5.5,Clear
229,Gasa,PS,31.5,34.4667,79.05,61,75,4.94,Clouds
230,Maseru,LS,-29.3167,27.4833,53.19,63,20,5.44,Clouds
231,Izhevskoye,RU,54.5567,40.8703,35.76,99,100,10.02,Clouds
232,Ostersund,SE,63.1792,14.6357,27.61,68,100,4.61,Clouds
233,Narasannapeta,IN,18.4167,84.05,72.52,80,51,5.14,Clouds
234,Springbok,ZA,-29.6643,17.8865,55.87,35,0,10.11,Clear
235,Kajaani,FI,64.2273,27.7285,21.25,93,100,2.3,Clouds
236,Bushehr,IR,28.9684,50.8385,78.89,53,0,0.0,Clear
237,Arlit,NE,18.7369,7.3853,85.59,10,0,9.66,Clear
238,Jacarei,BR,-23.3053,-45.9658,83.12,61,40,5.75,Rain
239,Pasinler,TR,39.9803,41.6764,38.39,64,77,3.98,Clouds
240,Mehamn,NO,71.0357,27.8492,26.51,86,100,11.5,Clouds
241,Andra,RU,62.5147,65.8878,16.32,94,32,2.51,Clouds
242,Zambezi,ZM,-13.5432,23.1047,69.57,61,30,5.66,Clouds
243,Dudinka,RU,69.4058,86.1778,6.62,92,59,13.0,Clouds
244,Tulle,FR,45.3333,1.8333,57.34,72,100,6.46,Clouds
245,Kruisfontein,ZA,-34.0033,24.7314,51.4,57,90,9.86,Clouds
246,Korla,CN,41.7597,86.1469,53.62,39,3,7.09,Clear
247,Karpathos,GR,35.507,27.2132,71.56,83,5,3.44,Clear
248,Muros,ES,42.7762,-9.0603,59.85,87,100,20.07,Clouds
249,Atar,MR,20.5169,-13.0499,88.03,14,0,7.72,Clear
250,Wukari,NG,7.85,9.7833,81.99,60,15,5.61,Clouds
251,Pizarro,CO,4.9533,-77.366,74.68,94,100,9.78,Rain
252,Vardo,NO,70.3705,31.1107,31.98,69,40,10.36,Clouds
253,Grindavik,IS,63.8424,-22.4338,41.47,70,0,1.14,Clear
254,Hoopstad,ZA,-27.8327,25.9083,57.33,52,0,16.73,Clear
255,Mecca,SA,21.4267,39.8261,82.27,53,99,7.83,Clouds
256,Somerset,US,40.5668,-74.5496,82.22,59,10,5.01,Clear
257,Iquitos,PE,-3.7481,-73.2472,84.24,79,75,4.61,Rain
258,Bilma,NE,18.6853,12.9164,79.18,14,80,2.48,Clouds
259,Selizharovo,RU,56.8519,33.4487,31.35,97,100,4.05,Clouds
260,Hof,DE,50.3167,11.9167,48.74,92,75,11.5,Clouds
261,Oruro,BO,-17.9833,-67.15,70.29,21,40,12.66,Clouds
262,Tocopilla,CL,-22.092,-70.1979,66.85,69,72,6.2,Clouds
263,Nyrob,RU,60.733,56.7202,21.97,72,98,8.79,Clouds
264,Bahia Blanca,AR,-38.7196,-62.2724,82.81,31,100,14.0,Clouds
265,Kambove,CD,-10.8764,26.5969,64.69,83,100,1.88,Clouds
266,Vila Franca Do Campo,PT,37.7167,-25.4333,64.89,99,100,14.14,Clouds
267,Rio Grande,BR,-32.035,-52.0986,80.71,92,100,5.01,Clouds
268,Tazovskiy,RU,67.4667,78.7,6.42,91,50,9.51,Clouds
269,Kattivakkam,IN,13.2167,80.3167,83.07,82,76,9.33,Clouds
270,Saint-Georges,GD,12.0564,-61.7485,87.48,79,20,12.66,Clouds
271,Mezen,RU,65.8522,44.24,25.0,92,100,5.99,Clouds
272,Tukrah,LY,32.5341,20.5791,72.25,78,79,1.92,Clouds
273,Kargasok,RU,59.0556,80.8572,11.97,97,60,5.01,Clouds
274,Ouesso,CG,1.6136,16.0517,77.68,73,100,0.25,Clouds
275,Nioro,GM,13.35,-15.75,80.31,62,38,6.08,Clouds
276,Veraval,IN,20.9,70.3667,80.37,60,100,3.33,Clouds
277,Kedougou,SN,12.5579,-12.1743,82.26,62,4,3.36,Clear
278,Holme,DK,56.1138,10.1725,45.97,92,100,20.49,Clouds
279,Krasnoselkup,RU,65.7,82.4667,12.18,79,96,11.99,Clouds
280,Carballo,ES,43.213,-8.691,59.86,93,100,10.29,Clouds
281,Verkhnyaya Maksakovka,RU,61.635,50.9674,23.18,80,0,7.0,Clear
282,Taylorville,US,39.5489,-89.2945,48.27,76,100,9.22,Clouds
283,Mahibadhoo,MV,3.7833,72.9667,81.86,77,77,9.86,Clouds
284,Leshukonskoye,RU,64.8989,45.7622,24.01,89,100,7.81,Clouds
285,Zambrow,PL,52.9855,22.2432,40.19,80,92,2.35,Clouds
286,Santa Maria,BR,-29.6842,-53.8069,70.9,88,75,4.61,Rain
287,Conceicao Do Araguaia,BR,-8.2578,-49.2647,92.91,35,7,5.41,Clear
288,Melo,UY,-32.3667,-54.1833,72.68,88,71,4.88,Clouds
289,Chipinge,ZW,-20.1883,32.6236,65.61,71,0,4.79,Clear
290,Lapa,BR,-25.7697,-49.7158,66.65,98,100,1.01,Clouds
291,Namibe,AO,-15.1961,12.1522,70.02,82,66,2.77,Clouds
292,Beyneu,KZ,45.3167,55.2,65.28,53,100,6.24,Clouds
293,Ilinskiy,RU,55.619,38.1182,33.53,99,100,11.18,Rain
294,Hihya,EG,30.6713,31.588,72.97,76,0,6.64,Clear
295,Kesova Gora,RU,57.5836,37.2922,29.52,96,100,6.58,Clouds
296,Yertsevo,RU,60.7966,40.086,25.18,94,99,4.94,Snow
297,Riyadh,SA,24.6877,46.7219,75.34,28,32,5.53,Clouds
298,Quixeramobim,BR,-5.1992,-39.2928,90.72,26,2,5.77,Clear
299,San Gabriel,US,34.0961,-118.1058,78.6,52,0,3.44,Clear
300,Berevoesti,RO,45.2333,24.9167,51.21,61,34,5.59,Clouds
301,Trindade,BR,-16.6494,-49.4889,89.35,50,85,1.77,Clouds
302,Havelock,US,34.8791,-76.9013,82.98,68,0,6.91,Clear
303,Sinnamary,GF,5.3833,-52.95,82.33,80,58,14.97,Clouds
304,Marawi,PH,7.9986,124.2928,68.36,92,82,0.45,Clouds
305,Castro,BR,-24.7911,-50.0119,67.62,96,100,6.06,Rain
306,Konya,TR,38.1667,32.5,56.68,46,58,0.74,Clouds
307,Bathsheba,BB,13.2167,-59.5167,83.01,83,40,17.27,Clouds
308,Jalu,LY,29.0331,21.5482,74.73,39,100,5.61,Clouds
309,Iracoubo,GF,5.4802,-53.2011,82.26,80,43,14.76,Clouds
310,Wageningen,NL,51.9667,5.6667,53.85,94,75,10.36,Rain
311,Sehithwa,BW,-20.4667,22.7167,79.88,31,87,6.82,Clouds
312,Angol,CL,-37.8,-72.7167,50.67,89,93,8.16,Clouds
313,Juba,SS,4.8517,31.5825,70.09,97,81,2.71,Clouds
314,Martinsicuro,IT,42.8811,13.9145,67.51,60,15,6.46,Clouds
315,Cayenne,GF,4.9333,-52.3333,86.04,70,0,13.8,Clear
316,Novo Aripuana,BR,-5.1206,-60.3797,100.38,26,38,0.81,Clouds
317,Ciudad Bolivar,VE,8.1222,-63.5497,92.93,44,100,3.24,Clouds
318,Wajir,KE,1.7471,40.0573,83.28,61,100,14.43,Clouds
319,Naryan-Mar,RU,67.6713,53.087,10.11,90,100,8.01,Clouds
320,Aksarka,RU,66.5606,67.7975,13.12,90,91,2.62,Clouds
321,Thunder Bay,CA,48.4001,-89.3168,35.58,51,100,12.66,Clouds
322,Salgueiro,BR,-8.0742,-39.1192,92.93,17,4,9.98,Clear
323,Kalevala,RU,65.2,31.1667,22.08,93,66,3.0,Clouds
324,Salinas,US,36.6777,-121.6555,72.99,49,0,8.05,Clear
325,Nizwa,OM,22.9333,57.5333,77.81,55,99,8.25,Clouds
326,Aksu,CN,41.1231,80.2644,53.76,31,11,2.75,Clouds
327,Harper,LR,4.375,-7.7169,78.24,89,0,8.1,Clear
328,Tacarigua,VE,10.0862,-67.9198,78.96,86,100,0.83,Clouds
329,Conil,FR,44.9673,3.7177,44.8,87,89,12.15,Clouds
330,Plettenberg Bay,ZA,-34.0527,23.3716,55.74,59,99,11.16,Clouds
331,Kumluca,TR,36.3703,30.2869,71.47,75,100,3.6,Clouds
332,Axim,GH,4.8699,-2.2405,78.46,84,0,5.57,Clear
333,Boffa,GN,10.1667,-14.0333,79.5,91,9,3.49,Rain
334,Christiana,ZA,-27.914,25.1611,56.79,49,0,22.17,Clear
335,Belyy Yar,RU,53.6039,91.3903,17.49,86,0,6.71,Clear
336,Matara,LK,5.9485,80.5353,76.44,90,100,3.69,Rain
337,Elesbao Veloso,BR,-6.2019,-42.1403,96.33,17,37,7.09,Clouds
338,Saint-Louis,SN,16.3333,-15.0,91.89,15,19,7.65,Clouds
339,Bonfim,BR,3.0833,-59.95,91.98,45,100,7.25,Clouds
340,Nkowakowa,ZA,-23.8878,30.2871,76.95,45,100,10.42,Clouds
341,Tsiroanomandidy,MG,-18.7667,46.0333,74.3,64,93,1.34,Rain
342,Mahbubnagar,IN,16.7333,77.9833,72.43,76,70,12.24,Clouds
343,Lubango,AO,-14.9172,13.4925,64.26,94,77,3.44,Clouds
344,Kaoma,ZM,-14.7833,24.8,74.14,51,98,5.61,Rain
345,Shelburne,CA,44.0787,-80.2041,49.77,72,9,11.34,Clear
346,Altay,CN,47.8667,88.1167,32.47,34,100,4.56,Clouds
347,Koppa,IN,13.5304,75.3633,66.83,94,26,1.1,Clouds
348,Awjilah,LY,29.1081,21.2869,74.91,38,100,5.61,Clouds
349,Soke,ML,13.598,-5.9386,90.73,25,64,1.1,Clouds
350,Wattegama,LK,6.7989,81.4808,74.28,94,96,0.67,Clouds
351,Zemio,CF,5.0314,25.1361,68.31,98,78,2.55,Clouds
352,Puerto Carreno,CO,6.189,-67.4859,94.98,52,20,3.44,Clouds
353,Gao,ML,16.6362,1.637,85.1,13,100,5.73,Clouds
354,Sistranda,NO,63.7256,8.834,30.16,57,8,9.26,Clear
355,Maniitsoq,GL,65.4167,-52.9,23.97,75,87,12.17,Clouds
356,Adrar,MR,20.5022,-10.0711,85.46,12,0,5.21,Clear
357,Waverly,US,42.7392,-84.6208,50.16,61,0,3.44,Clear
358,Bobo Dioulasso,BF,11.1771,-4.2979,81.05,74,20,1.14,Clouds
359,Sudak,UA,44.85,34.9667,61.74,57,93,2.24,Clouds
360,Gangakher,IN,18.95,76.75,67.8,55,0,3.94,Clear
361,Chinsali,ZM,-10.5414,32.0816,75.7,42,81,3.18,Clouds
362,Mumbwa,ZM,-14.9783,27.0619,82.35,28,77,8.1,Clouds
363,Saquarema,BR,-22.92,-42.5103,77.14,87,100,14.65,Clouds
364,Karoi,ZW,-16.8099,29.6925,74.44,37,1,5.39,Clear
365,Bandarbeyla,SO,9.4942,50.8122,79.23,80,100,11.05,Clouds
366,Portobelo,PA,9.55,-79.65,79.57,80,97,7.0,Rain
367,Galle,LK,6.0367,80.217,76.75,89,100,4.09,Rain
368,Villa Rica,US,33.7321,-84.9191,82.38,55,6,1.01,Clear
369,Malumfashi,NG,11.7853,7.6218,76.42,23,3,6.15,Clear
370,Idenao,CM,4.2475,9.0047,78.35,91,69,1.7,Rain
371,Oriximina,BR,-1.7656,-55.8661,94.69,34,69,7.18,Clouds
372,Sakassou,CI,7.4546,-5.2926,78.64,72,5,2.84,Clear
373,Olafsvik,IS,64.8945,-23.7142,41.49,72,100,7.16,Clouds
374,Tucuman,AR,-26.8241,-65.2226,93.2,29,0,9.22,Clear
375,Berberati,CF,4.2612,15.7922,70.2,90,45,2.26,Clouds
376,Porto Novo,BJ,6.4965,2.6036,82.22,81,1,5.44,Clear
377,Mircea Voda,RO,44.2833,28.1667,63.63,41,68,5.59,Clouds
378,Emirdag,TR,39.0197,31.15,61.43,60,8,5.5,Clear
379,Parainen,FI,60.3067,22.301,30.88,74,17,5.28,Clouds
380,Kasongo-Lunda,CD,-6.4667,16.8167,71.91,94,96,1.34,Clouds
381,Caravelas,BR,-17.7125,-39.2481,77.43,84,100,10.83,Clouds
382,Huicungo,PE,-7.2833,-76.8,79.29,87,100,0.81,Clouds
383,Moyo,UG,3.6609,31.7247,65.5,97,15,2.66,Rain
384,Chapais,CA,49.7834,-74.8492,31.78,71,98,13.15,Clouds
385,Kibaha,TZ,-6.7667,38.9167,74.35,91,88,3.27,Clouds
386,Nuuk,GL,64.1835,-51.7216,23.88,79,60,15.01,Clouds
387,Tougue,GN,11.4667,-11.6,74.66,67,78,0.81,Clouds
388,Wernigerode,DE,51.8333,10.7833,53.6,92,74,7.99,Clouds
389,Oliva,ES,38.9197,-0.1194,69.82,54,2,13.0,Clear
390,Iquique,CL,-20.2208,-70.1431,69.84,74,81,5.99,Clouds
391,Niamey,NE,13.5137,2.1098,91.69,21,2,2.3,Clear
392,Yalutorovsk,RU,56.6536,66.3006,18.97,92,100,5.01,Clouds
393,Iskateley,RU,67.6803,53.1512,10.02,90,100,8.01,Clouds
394,Puri,IN,19.8,85.85,70.32,69,16,4.5,Clouds
395,Coihaique,CL,-45.5752,-72.0662,39.81,87,100,4.61,Rain
396,Araguaina,BR,-7.1911,-48.2072,92.75,34,61,10.16,Clouds
397,Musafirkhana,IN,26.3667,81.8,70.79,46,99,2.3,Clouds
398,Saint-Joseph,RE,-21.3667,55.6167,71.98,84,20,8.28,Clouds
399,Bereda,ES,43.2686,-7.5406,53.15,100,100,7.47,Rain
400,Aguimes,ES,27.9054,-15.4461,72.23,73,75,3.44,Clouds
401,Colares,PT,38.7992,-9.4469,67.98,87,72,17.0,Clouds
402,Muisne,EC,0.6,-80.0333,74.97,92,100,3.04,Rain
403,Igrim,RU,63.1906,64.4162,15.78,85,9,1.95,Clear
404,Jurm,AF,36.8648,70.8342,57.42,34,100,2.89,Clouds
405,Manga,BF,11.6636,-1.0731,83.86,35,5,6.78,Clear
406,Oltu,TR,40.5498,42.0013,56.55,57,85,4.41,Clouds
407,Chake Chake,TZ,-5.2459,39.7666,77.45,89,81,5.75,Clouds
408,Douentza,ML,14.9951,-2.9517,85.51,16,12,4.5,Clouds
409,West Bay,KY,19.3667,-81.4167,87.87,66,20,14.97,Clouds
410,Oistins,BB,13.0667,-59.5333,82.49,83,40,17.27,Clouds
411,Washington,US,47.5001,-120.5015,45.64,42,0,4.94,Clear
412,Boende,CD,-0.2167,20.8667,72.27,87,23,2.3,Clouds
413,Boda,CF,4.3189,17.4695,71.29,92,8,3.58,Clear
414,Nargana,PA,9.4428,-78.5906,80.44,84,85,8.68,Rain
415,Xai-Xai,MZ,-25.0519,33.6442,72.95,86,9,11.52,Clear
416,Constitucion,CL,-35.3333,-72.4167,54.86,97,100,21.54,Rain
417,Uirauna,BR,-6.5183,-38.4122,91.26,22,0,8.34,Clear
418,Muli,MV,2.9167,73.5667,81.01,80,89,12.39,Clouds
419,Naberera,TZ,-4.2,36.9333,66.18,84,100,9.22,Rain
420,Bonthe,SL,7.5264,-12.505,79.83,82,7,3.58,Clear
421,Gualeguay,AR,-33.1416,-59.3097,81.59,55,0,4.45,Clear
422,Sisimiut,GL,66.9395,-53.6735,23.68,78,99,12.71,Clouds
423,Manbij,SY,36.5281,37.9549,72.5,39,0,3.53,Clear
424,Taywarah,AF,33.35,64.4167,43.72,49,3,1.16,Clear
425,Chama,CH,47.1821,8.4636,52.07,78,20,0.0,Clouds
426,Dundee,GB,56.5,-2.9667,50.59,92,51,13.85,Clouds
427,Boa Viagem,BR,-5.1275,-39.7322,89.67,23,1,4.52,Clear
428,Visegrad,BA,43.7847,19.2992,52.36,92,11,2.55,Clouds
429,Geraldton,AU,-28.7667,114.6,55.81,82,0,11.5,Clear
430,Alekseyevka,RU,50.6309,38.6903,46.09,82,100,29.19,Clouds
431,Krasnoyarka,RU,55.3333,73.1167,21.15,79,98,7.36,Clouds
432,Camacha,PT,33.0833,-16.3333,67.42,73,40,8.05,Clouds
433,Mitu,CO,1.1983,-70.1733,89.02,58,100,3.13,Clouds
434,Sal Rei,CV,16.1833,-22.9167,78.67,75,100,14.2,Clouds
435,Maicao,CO,11.3832,-72.2432,82.63,77,97,10.25,Clouds
436,Antofagasta,CL,-23.65,-70.4,63.68,72,9,7.76,Clear
437,Pacatuba,BR,-3.9842,-38.6203,83.32,72,4,7.49,Clear
438,Albion,US,42.2431,-84.753,54.41,56,0,3.44,Clear
439,Chynadiyovo,UA,48.4818,22.8217,49.23,97,38,3.69,Clouds
440,Takaungu,KE,-3.6837,39.8566,78.42,88,95,7.85,Clouds
441,Dolny Kubin,SK,49.2098,19.3034,46.56,93,96,4.32,Clouds
442,Hobyo,SO,5.3505,48.5268,81.01,78,100,10.94,Rain
443,Lebu,CL,-37.6167,-73.65,50.04,83,91,17.11,Clouds
444,Ust-Tsilma,RU,65.441,52.1498,15.62,92,100,7.0,Clouds
445,Abu Samrah,SY,35.3029,37.1841,75.54,33,0,4.27,Clear
446,Alnavar,IN,15.4333,74.7333,73.98,60,89,0.6,Clouds
447,Narsaq,GL,60.9167,-46.05,31.12,85,38,4.76,Clouds
448,Vallenar,CL,-28.5708,-70.7581,65.59,32,6,9.42,Clear
449,Misratah,LY,32.3754,15.0925,75.47,69,2,8.34,Clear
450,Chornukhy,UA,50.2673,32.942,48.69,78,98,16.75,Clouds
451,Lima,PE,-12.0432,-77.0282,71.85,60,0,12.66,Clear
452,Tingi,TZ,-11.3,35.0333,72.16,49,41,7.2,Clouds
453,La Florida,CO,1.2985,-77.4061,61.47,77,100,4.61,Rain
454,Lisakovsk,KZ,52.5369,62.4936,32.09,99,100,5.66,Clouds
455,Mariestad,SE,58.7097,13.8237,36.07,83,59,6.6,Clouds
456,Gazojak,TM,41.1875,61.4036,67.5,35,3,7.76,Clear
457,Pio Xii,BR,-3.8325,-45.1525,94.33,32,26,6.58,Clouds
458,Puerto Ayora,EC,-0.7393,-90.3518,85.96,86,67,11.01,Clouds
459,Westport,US,41.1415,-73.3579,81.18,61,7,1.99,Clear
460,Mocuba,MZ,-16.8392,36.9856,76.78,72,0,3.58,Clear
461,Nieuw Amsterdam,SR,5.8833,-55.0833,96.96,65,20,6.91,Clouds
462,Okakarara,NA,-20.5833,17.4333,72.5,14,53,8.84,Clouds
463,Port-Gentil,GA,-0.7193,8.7815,79.68,84,5,7.2,Clear
464,Yanam,IN,16.7333,82.2167,79.27,75,97,3.74,Clouds
465,Hofn,IS,64.2539,-15.2082,38.93,73,45,13.38,Clouds
466,Almeria,ES,37.1667,-2.3333,53.44,58,0,3.53,Clear
467,Butembo,CD,0.15,29.2833,58.24,97,100,1.9,Clouds
468,Navoi,UZ,40.0844,65.3792,58.48,63,52,9.22,Smoke
469,Dunnville,CA,42.9001,-79.6163,54.45,70,3,5.01,Clear
470,Effingham,US,32.3669,-81.3332,84.65,44,0,2.33,Clear
471,Pedernales,DO,18.0384,-71.744,83.3,72,33,5.12,Rain
472,Warmbad,NA,-28.45,18.7333,64.6,19,0,11.95,Clear
473,Sladkovo,RU,55.5284,70.3385,23.27,79,100,9.46,Clouds
474,Jardim,BR,-21.4803,-56.1381,93.38,38,84,12.53,Clouds
475,Oranjemund,NA,-28.55,16.4333,58.86,80,0,22.17,Clear
476,Praia,CV,14.9215,-23.5087,79.34,73,20,14.97,Clouds
477,Quatre Cocos,MU,-20.2078,57.7625,74.08,79,3,4.25,Clear
478,Santa Rosa,PH,14.3122,121.1114,81.95,84,36,6.51,Clouds
479,Guarapuava,BR,-25.3953,-51.4581,67.64,98,100,0.2,Rain
480,Ust-Koksa,RU,50.2696,85.6108,27.23,50,91,1.99,Clouds
481,Rawson,AR,-43.3002,-65.1023,59.29,51,20,23.02,Clouds
482,Domoni,KM,-12.2569,44.5319,78.12,86,1,6.62,Clear
483,Gat,IL,31.61,34.7642,84.4,55,81,2.89,Clouds
484,Kilindoni,TZ,-7.9139,39.6668,79.5,82,88,11.97,Clouds
485,Nisia Floresta,BR,-6.0911,-35.2086,82.78,75,12,12.55,Clouds
486,Kidal,ML,18.4411,1.4078,85.21,10,41,7.49,Clouds
487,Valle De San Juan,CO,4.1987,-75.1173,82.58,69,100,2.71,Rain
488,Biscarrosse,FR,44.3945,-1.1672,66.15,59,0,19.57,Rain
489,La Carolina,ES,38.2756,-3.6153,55.35,74,4,3.62,Clear
490,Marabba,SD,12.35,32.1833,76.73,76,54,11.05,Clouds
491,Araouane,ML,18.9048,-3.5265,83.5,13,0,0.96,Clear
492,Biltine,TD,14.5333,20.9167,86.43,17,2,7.2,Clear
493,Nuristan,AF,35.3,70.8333,32.61,48,93,6.62,Clouds
494,Bud,US,39.447,-86.1758,56.19,78,100,4.09,Clouds
495,Sokoto,NG,13.0609,5.239,83.66,15,19,9.24,Clouds
496,Gangarampur,IN,25.4,88.5167,68.41,64,0,3.31,Clear
497,Port Hawkesbury,CA,45.6169,-61.3485,71.55,83,3,1.01,Clear
498,Leirvik,NO,59.7798,5.5005,41.63,57,7,9.8,Clear
499,Obzor,BG,42.8167,27.8833,66.74,79,100,8.57,Clouds
500,Watsa,CD,3.0372,29.5355,65.79,97,99,0.29,Clouds
501,San Carlos De Bariloche,AR,-41.1456,-71.3082,37.15,87,75,26.46,Drizzle
502,Kagoro,NG,9.6,8.3833,72.9,70,4,1.28,Clear
503,Grand Gaube,MU,-20.0064,57.6608,74.37,77,6,1.99,Clear
504,Saint Anthony,US,45.0205,-93.218,33.84,69,100,6.91,Clouds
505,Puerto Cabezas,NI,14.0351,-83.3888,87.76,79,75,11.5,Clouds
506,Mushie,CD,-3.0167,16.9,75.18,88,62,1.48,Clouds
507,Sept-Iles,CA,50.2001,-66.3821,51.8,67,40,20.0,Clouds
508,Sidi Ali,DZ,36.0998,0.4206,65.19,71,57,10.11,Clouds
509,Praia Da Vitoria,PT,38.7333,-27.0667,63.75,67,40,15.55,Clouds
510,Straumen,NO,63.8709,11.2999,21.2,65,13,2.04,Clouds
511,Querfurt,DE,51.3833,11.6,52.72,93,56,8.28,Clouds
512,Bentiu,SS,9.2333,29.8333,71.87,86,100,2.15,Clouds
513,Nushki,PK,29.5542,66.0215,68.34,38,6,6.13,Clear
514,Karia,NG,11.7306,11.1629,79.38,19,84,8.34,Clouds
515,Skjervoy,NO,70.0311,20.9714,21.2,72,100,8.23,Clouds
516,Menongue,AO,-14.6585,17.691,65.97,82,95,5.86,Clouds
517,Angoche,MZ,-16.2325,39.9086,77.36,84,20,5.59,Clouds
518,Linhares,BR,-19.3911,-40.0722,78.69,69,100,9.89,Clouds
519,Loksa,EE,59.5764,25.7214,33.93,67,100,10.29,Clouds
520,Kommunisticheskiy,RU,61.6789,64.4819,20.12,59,10,3.6,Clear
521,Kibala,TD,9.1104,18.3463,80.55,74,0,4.61,Clear
522,Mangulile,HN,15.0667,-86.8,81.09,69,39,5.21,Clouds
523,Toktogul,KG,41.8708,72.9402,54.84,70,100,3.6,Rain
524,Kathmandu,NP,27.7167,85.3167,57.83,83,40,1.01,Clouds
525,Ullapool,GB,57.8987,-5.1604,49.3,85,100,20.42,Clouds
526,Yarensk,RU,62.1675,49.0916,23.36,84,99,8.39,Clouds
527,Natitingou,BJ,10.3042,1.3796,79.38,51,0,3.74,Clear
528,Casablanca,MA,33.5928,-7.6192,66.42,65,87,3.87,Clouds
529,Bama,NG,11.5221,13.6856,82.67,19,61,7.9,Clouds
530,Sivas,TR,39.7916,37.0019,55.36,48,56,2.95,Clouds
531,Bulawayo,ZW,-20.15,28.5833,75.7,19,4,6.89,Clear
532,Kedrovyy,RU,56.1667,91.8167,20.03,91,99,8.08,Clouds
533,Ust-Kulom,RU,61.6864,53.6902,19.15,90,73,8.43,Clouds
534,Mutoko,ZW,-17.397,32.2268,74.95,40,0,9.73,Clear
535,Chhabra,IN,24.6667,76.8333,71.78,38,100,5.64,Clouds
536,Uige,AO,-7.6087,15.0613,69.71,83,49,3.96,Clouds
537,La Palma,US,33.8464,-118.0467,78.94,68,0,11.5,Clear
538,San Rafael,AR,-34.6177,-68.3301,84.79,12,20,17.27,Clouds
539,Thinadhoo,MV,0.5333,72.9333,81.23,81,42,18.28,Clouds
540,Sakakah,SA,29.9697,40.2064,76.57,64,100,13.29,Clouds
541,Phalodi,IN,27.1333,72.3667,82.13,26,56,8.08,Clouds
542,La Rioja,ES,42.25,-2.5,55.18,64,100,11.23,Clouds
543,Alto Piquiri,BR,-24.0281,-53.4406,85.37,57,100,8.23,Clouds
544,Maldonado,UY,-34.6667,-54.9167,78.19,57,94,5.48,Clouds
545,Neftcala,AZ,39.3742,49.2472,69.91,53,43,8.16,Clouds
546,Venado Tuerto,AR,-33.7456,-61.9688,82.96,42,0,8.97,Clear
547,Montepuez,MZ,-13.1256,38.9997,74.08,73,28,9.17,Clouds
548,Noyabrsk,RU,63.1994,75.4507,14.23,83,95,15.01,Clouds
549,Polonnaruwa,LK,7.9333,81.0,75.27,92,97,1.23,Clouds
550,Chateauroux,FR,46.8167,1.7,60.8,67,0,12.66,Clear
551,Carutapera,BR,-1.195,-46.02,82.53,82,29,24.25,Clouds
552,Warri,NG,5.5167,5.75,77.65,91,99,3.78,Clouds
553,Maykor,RU,59.0059,55.88,28.54,79,100,15.08,Clouds
554,Yashalta,RU,46.3395,42.2762,62.58,72,2,17.81,Clear
555,Aneho,TG,6.2333,1.6,82.6,81,1,8.41,Clear
556,Guanaja,HN,16.4,-85.9,82.8,73,4,7.94,Rain
557,Tombouctou,ML,20.0,-3.0,84.81,13,0,5.14,Clear
558,Kamenka,RU,51.3223,42.7678,48.7,81,100,26.37,Clouds
559,Cotonou,BJ,6.3654,2.4183,82.38,83,40,5.75,Clouds
560,Kifri,IQ,34.6959,44.9661,76.12,36,30,4.41,Clouds
561,Channel-Port Aux Basques,CA,47.5702,-59.1367,55.15,93,100,4.27,Clouds
562,Laguna,US,38.421,-121.4238,70.29,36,0,17.27,Clear
563,Guinguineo,SN,14.2667,-15.95,82.96,55,46,8.97,Clouds
564,Mgandu,TZ,-5.95,34.1333,72.23,50,100,9.26,Clouds
565,Zamora,EC,-4.0692,-78.9567,68.11,61,100,4.14,Clouds
566,Catamarca,AR,-28.4696,-65.7852,90.77,27,0,10.0,Clear
567,Iturama,BR,-19.7281,-50.1956,89.62,44,72,8.99,Clouds
568,Pozo Colorado,PY,-23.4923,-58.7972,88.18,57,84,5.88,Clouds
569,Belyye Berega,RU,53.2085,34.6641,36.75,94,100,11.97,Clouds
570,Kyshtovka,RU,56.555,76.6271,20.34,94,23,4.0,Clouds
571,Novomalorossiyskaya,RU,45.6348,39.8948,61.39,80,1,14.07,Clear
572,Kabalo,CD,-6.05,26.9167,70.48,91,12,3.4,Clouds
573,Coxim,BR,-18.5067,-54.76,90.7,44,57,14.47,Rain
574,Blyth,GB,55.1271,-1.5086,51.98,95,75,8.05,Clouds
575,Yangambi,CD,0.8102,24.4336,70.34,83,76,1.83,Clouds
576,Conde,BR,-7.2597,-34.9075,80.06,69,20,13.8,Clouds
577,Pangnirtung,CA,66.1451,-65.7125,12.27,94,99,3.56,Clouds
578,Seydi,TM,39.4816,62.9137,70.81,30,0,5.17,Clear
579,Astana,KZ,51.1801,71.446,31.95,100,100,6.71,Snow
580,Road Town,VG,18.4167,-64.6167,80.64,83,40,9.22,Rain
581,Sadiqabad,PK,28.3062,70.1307,77.43,39,31,1.72,Clouds
582,Prestea,GH,5.4327,-2.1428,75.0,94,4,2.8,Clear
583,Stornoway,GB,58.2093,-6.3865,49.96,84,100,17.27,Clouds
584,Marsh Harbour,BS,26.5412,-77.0636,78.66,65,0,22.91,Clear
585,General Pico,AR,-35.6566,-63.7568,80.94,40,86,10.69,Clouds
586,Reoti,IN,25.85,84.3833,70.9,52,57,2.19,Clouds
587,Natal,BR,-5.795,-35.2094,82.62,69,40,14.97,Clouds
588,Mugan,CN,35.9404,101.3842,39.67,37,0,3.65,Clear
589,Houma,US,29.5958,-90.7195,84.2,60,40,12.66,Clouds
590,Altea,ES,38.5989,-0.0514,69.78,56,0,10.07,Clear
591,Paracuru,BR,-3.41,-39.0306,82.11,73,9,15.88,Clear
592,Cayon,KN,17.35,-62.7333,81.64,83,100,17.58,Clouds
593,Kananga,CD,-5.8958,22.4178,70.36,90,88,1.63,Rain
594,Barcelos,PT,41.5388,-8.6151,62.74,97,100,17.16,Rain
595,Amapa,BR,1.0,-52.0,91.72,34,87,8.34,Clouds
596,Arrecife,ES,28.963,-13.5477,71.58,73,20,6.91,Clouds
597,Malatya,TR,38.5,38.0,48.25,82,0,3.44,Clear
598,Mglin,RU,53.0591,32.8475,38.61,93,100,13.09,Clouds
599,Odesskoye,RU,54.2111,72.9651,27.23,65,100,11.12,Clouds
600,Kangaatsiaq,GL,68.3065,-53.4641,23.95,85,53,11.72,Clouds
601,Hofgeismar,DE,51.4833,9.4,53.11,87,75,10.36,Clouds
602,Bonoua,CI,5.2741,-3.595,82.02,87,6,4.27,Clear
603,Bubaque,GW,11.2833,-15.8333,82.0,76,11,8.55,Clouds
604,General Roca,AR,-39.0333,-67.5833,73.62,27,62,36.44,Clouds
605,Tanout,NE,14.9709,8.8879,84.04,12,26,8.97,Clouds
606,Salair,RU,54.2312,85.7972,18.79,89,11,2.84,Clouds
607,San Francisco,US,37.7749,-122.4194,71.33,43,0,8.99,Clear
608,Maxixe,MZ,-23.8597,35.3472,70.77,81,38,7.61,Clouds
609,Rio Bananal,BR,-19.265,-40.3333,78.66,69,100,9.64,Clouds
610,Elektrogorsk,RU,55.8794,38.7919,32.2,97,100,9.53,Snow
611,Malanje,AO,-9.5402,16.341,65.34,88,98,2.15,Clouds
612,Maltahohe,NA,-24.8333,16.9833,65.61,11,1,19.42,Clear
613,Hammerfest,NO,70.6634,23.6821,32.45,74,100,4.61,Clouds
614,Rabo De Peixe,PT,37.8,-25.5833,62.98,99,40,6.91,Clouds
615,Malino,PH,15.1257,120.6727,80.02,89,20,2.3,Clouds
616,Arona,ES,28.0996,-16.681,70.83,76,75,2.3,Clouds
617,Sarankhola,BD,22.3082,89.7897,69.01,68,6,4.29,Clear
618,Marovoay,MG,-16.1,46.6333,78.51,82,98,2.1,Rain
619,Tucuma,BR,-0.1833,-50.05,84.56,64,51,12.57,Clouds
620,Teguldet,RU,57.3064,88.1667,21.04,93,90,5.48,Clouds
621,Kirkwall,GB,58.9848,-2.9587,46.96,93,75,27.63,Clouds
622,Chambas,CU,22.1928,-78.9136,80.98,63,41,13.96,Clouds
623,Alexandria,EG,31.2156,29.9553,70.34,71,75,8.34,Clouds
624,Puerto Gaitan,CO,4.3133,-72.0816,89.26,59,76,5.19,Rain
625,Roald,NO,62.5833,6.1333,38.75,80,0,4.61,Clear
626,Pinehurst,US,35.1954,-79.4695,84.02,52,0,0.0,Clear
627,La Asuncion,VE,11.0333,-63.8628,83.82,76,100,6.82,Rain
628,Howick,ZA,-29.4779,30.2306,50.32,97,100,4.36,Rain
629,El Alto,PE,-4.2714,-81.2147,76.66,78,99,11.23,Clouds
630,Moose Factory,CA,51.2585,-80.6094,30.2,69,100,13.8,Clouds
631,Puerto Madryn,AR,-42.7692,-65.0385,66.65,31,64,33.55,Clouds
632,Uyuni,BO,-20.4597,-66.825,59.74,6,88,26.17,Clouds
633,Kargat,RU,55.1956,80.2811,23.25,67,6,4.68,Clear
634,Ajdabiya,LY,30.7554,20.2263,72.46,55,37,5.44,Clouds
635,Carnoustie,GB,56.5014,-2.7091,51.89,93,100,19.57,Clouds
636,Romitan,UZ,39.9343,64.3814,60.75,59,0,0.0,Clear
637,Severodvinsk,RU,64.5635,39.8302,24.13,92,100,10.51,Snow
638,Radom,PL,51.4025,21.1471,50.32,97,75,5.75,Clouds
639,Warrington,GB,53.3925,-2.5802,52.32,95,40,8.05,Rain
640,Najran,SA,17.4924,44.1277,68.65,54,89,3.29,Clouds
641,Marienburg,PL,54.0359,19.0266,49.03,79,99,5.28,Clouds
642,Thornton,US,39.868,-104.9719,30.78,85,100,5.75,Snow
643,Svetlyy,RU,54.675,20.1347,39.36,80,100,3.76,Clouds
644,Boras,SE,57.721,12.9401,37.49,92,100,6.42,Clouds
645,Leh,IN,34.1667,77.5833,35.62,33,1,3.22,Clear
646,Jha Jha,IN,24.7667,86.3667,70.09,63,0,3.36,Clear
647,Vila Do Maio,CV,15.1333,-23.2167,79.59,76,59,15.52,Clouds
648,Santiago,CL,-33.4569,-70.6483,57.85,65,100,10.36,Clouds
649,Solwezi,ZM,-12.1688,26.3894,65.37,79,48,5.21,Clouds
650,Bensonville,LR,6.4461,-10.6125,76.55,93,89,3.4,Rain
651,Liverpool,GB,53.4106,-2.9779,52.09,93,40,8.05,Clouds
652,Shache,CN,38.4167,77.2406,56.5,26,31,4.92,Clouds
653,Potiskum,NG,11.7091,11.0694,79.88,20,81,8.48,Clouds
654,Nouakchott,MR,18.0858,-15.9785,76.93,71,2,14.94,Clear
655,Taoudenni,ML,22.6783,-3.9836,92.57,10,0,7.49,Clear
656,Zabolotovka,RU,50.2737,39.3147,51.85,77,100,30.33,Clouds
657,Carbonia,IT,39.1672,8.5222,61.45,83,3,2.19,Clear
658,Krasnyy Oktyabr,RU,56.1167,38.8833,31.33,83,100,8.55,Snow
659,Chaman,PK,30.9236,66.4512,62.38,41,1,2.59,Clear
660,Wladyslawowo,PL,54.7909,18.4009,48.92,72,100,7.92,Clouds
661,Atlantic City,US,39.3643,-74.4229,79.12,58,0,8.39,Clear
662,Depalpur,IN,22.85,75.55,64.8,41,83,4.09,Clouds
663,Abha,SA,18.2164,42.5053,53.85,94,100,0.0,Clouds
664,Khakhea,BW,-24.6895,23.494,73.31,15,0,13.2,Clear
665,Baie-Comeau,CA,49.2168,-68.1489,46.08,61,20,19.57,Clouds
666,Ekangala,ZA,-25.6962,28.7492,70.3,40,100,6.55,Clouds
667,Ganganagar,IN,29.9167,73.8833,75.97,29,97,5.79,Clouds
668,Csaszartoltes,HU,46.4219,19.1836,55.9,82,76,7.38,Clouds
669,Reims,FR,49.1667,4.0833,57.04,94,100,16.11,Clouds
670,Caucaia,BR,-3.7361,-38.6531,83.89,75,40,17.27,Clouds
671,Kongolo,CD,-5.3833,27.0,71.1,91,33,1.54,Clouds
672,Kaufbeuren,DE,47.8833,10.6167,48.99,75,71,2.3,Clouds
673,Inongo,CD,-1.95,18.2667,76.28,80,61,1.81,Clouds
674,Gubkinskiy,RU,64.434,76.5026,15.21,95,84,10.4,Clouds
675,Newport,GB,51.5877,-2.9984,54.14,89,100,7.45,Clouds
676,Tallahassee,US,30.4383,-84.2807,84.4,61,40,8.05,Clouds
677,Batouri,CM,4.4333,14.3667,69.19,94,64,1.7,Clouds
678,Albany,US,42.6001,-73.9662,64.63,61,43,1.01,Clouds
679,Sarangarh,IN,21.6,83.0833,67.03,62,1,2.57,Clear
680,Arica,CL,-18.475,-70.3042,76.55,53,0,10.36,Clear
681,Bafra,TR,41.5678,35.9069,65.48,66,3,4.16,Clear
682,Banamba,ML,13.55,-7.45,83.48,46,82,7.34,Clouds
683,Belmonte,BR,-15.8631,-38.8828,78.17,80,26,11.21,Clouds
684,Kjollefjord,NO,70.9457,27.3465,33.85,80,100,11.5,Clouds
685,Jacareacanga,BR,-6.2222,-57.7528,101.52,24,75,3.51,Clouds
686,Akureyri,IS,65.6835,-18.0878,31.93,74,0,0.0,Clear
687,Zapresic,HR,45.8564,15.8078,58.8,87,100,4.81,Clouds
688,Gombe,NG,10.2897,11.1673,82.15,27,7,4.43,Clear
689,Pisco,PE,-13.7,-76.2167,73.45,64,0,11.5,Clear
690,Bollnas,SE,61.3482,16.3946,28.8,84,13,2.46,Clouds
691,Comodoro Rivadavia,AR,-45.8667,-67.5,60.66,18,20,28.77,Clouds
692,Takoradi,GH,4.8845,-1.7554,78.53,85,3,5.86,Clear
693,Linden,GY,6.0,-58.3,86.86,59,99,2.28,Clouds
694,Kargil,IN,34.5667,76.1,33.46,40,5,2.66,Clear
695,Skibbereen,IE,51.55,-9.2667,50.11,85,100,7.36,Rain
696,Irbit,RU,57.6705,63.071,21.96,89,100,7.94,Clouds
697,Chiredzi,ZW,-21.05,31.6667,80.37,39,0,10.0,Clear
698,Linguere,SN,15.3953,-15.1193,87.93,29,23,9.91,Clouds
699,Kiomboi,TZ,-4.2667,34.3667,69.26,54,95,5.7,Clouds
700,Mahajanga,MG,-15.7167,46.3167,75.22,94,40,12.66,Rain
701,Buraydah,SA,26.326,43.975,77.45,42,96,8.55,Clouds
702,Tibati,CM,6.4667,12.6333,74.41,68,77,2.37,Clouds
703,Riviere-Au-Renard,CA,48.9957,-64.3971,64.69,75,62,23.85,Clouds
